{
    "data": [
        {
            "invoiceNumber": "#IN0001",
            "medicineName": "Abilify,Actamin",
            "totalAmount": "$100.00",
            "createdDate": "9 Sep 2023",
            "status": "Paid",
            "actions1": "Edit",
            "actions2": "Delete",
            "img": "assets/pharmacy/img/product/product.jpg"
        },
        {
            "invoiceNumber": "#IN0002",
            "medicineName": "Abilify,Actamin",
            "totalAmount": "$200.00",
            "createdDate": "29 Oct 2023",
            "status": "Paid",
            "actions1": "Edit",
            "actions2": "Delete",
            "img": "assets/pharmacy/img/product/product.jpg"
        },
        {
            "invoiceNumber": "#IN0003",
            "medicineName": "Abilify,Actamin",
            "totalAmount": "$250.00",
            "createdDate": "25 Sep 2023",
            "status": "Pending",
            "actions1": "Edit",
            "actions2": "Delete",
            "img": "assets/pharmacy/img/product/product.jpg"
        },
        {
            "invoiceNumber": "#IN0004",
            "medicineName": "Abilify,Actamin",
            "totalAmount": "$150.00",
            "createdDate": "9 Oct 2023",
            "status": "Unpaid",
            "actions1": "Edit",
            "actions2": "Delete",
            "img": "assets/pharmacy/img/product/product.jpg"
        },
        {
            "invoiceNumber": "#IN0005",
            "medicineName": "Abilify,Actamin",
            "totalAmount": "$350.00",
            "createdDate": "19 Nov 2023",
            "status": "Paid",
            "actions1": "Edit",
            "actions2": "Delete",
            "img": "assets/pharmacy/img/product/product.jpg"
        },
        {
            "invoiceNumber": "#IN0006",
            "medicineName": "Abilify,Actamin",
            "totalAmount": "$300.00",
            "createdDate": "12 Oct 2023",
            "status": "Paid",
            "actions1": "Edit",
            "actions2": "Delete",
            "img": "assets/pharmacy/img/product/product.jpg"
        },
        {
            "invoiceNumber": "#IN0007",
            "medicineName": "Abilify,Actamin",
            "totalAmount": "$250.00",
            "createdDate": "25 Oct 2023",
            "status": "Paid",
            "actions1": "Edit",
            "actions2": "Delete",
            "img": "assets/pharmacy/img/product/product.jpg"
        },
        {
            "invoiceNumber": "#IN0008",
            "medicineName": "Abilify,Actamin,Actamin",
            "totalAmount": "$150.00",
            "createdDate": "30 Oct 2019",
            "status": "Paid",
            "actions1": "Edit",
            "actions2": "Delete",
            "img": "assets/pharmacy/img/product/product.jpg"
        },
        {
            "invoiceNumber": "#IN0009",
            "medicineName": "Abilify",
            "totalAmount": "$100.00",
            "createdDate": "5 Nov 2023",
            "status": "Paid",
            "actions1": "Edit",
            "actions2": "Delete",
            "img": "assets/pharmacy/img/product/product.jpg"
        },
        {
            "invoiceNumber": "#IN0010",
            "medicineName": "Abilify,Actamin,Actamin",
            "totalAmount": "$120.00",
            "createdDate": "7 Nov 2023",
            "status": "Paid",
            "actions1": "Edit",
            "actions2": "Delete",
            "img": "assets/pharmacy/img/product/product.jpg"
        }
    ],
    "totalData": 10
}