{
    "data": [
        {
            "id": "1",
            "supplierId": "256",
            "supplierName": "Douglas Meyer",
            "orderBy": "Trinity General Hospital",
            "addOrder": "10-5-2020",
            "orderList1": "Dolofin Antigripal(Dolo)  3",
            "action": "Delete"
        },
        {
            "id": "2",
            "supplierId": "20",
            "supplierName": "Tyler Robinson",
            "orderBy": "Grand Valley Clinic",
            "addOrder": "10-5-2020",
            "orderList1": "Dolofin Antigripal(Dolo)  50",
            "orderList2": "Dolofin Antigripal(Dolo)  4",
            "action": "Delete"
        },
        {
            "id": "3",
            "supplierId": "15",
            "supplierName": "Mary Dixon",
            "orderBy": "Grand Plains Clinic",
            "addOrder": "10-5-2020",
            "orderList1": "Dolo 650(CIpla)  0",
            "action": "Delete"
        },
        {
            "id": "4",
            "supplierId": "156",
            "supplierName": "Kurt Wooten",
            "orderBy": "Mercy Vale Clinic",
            "addOrder": "10-5-2020",
            "orderList1": "Tektonik(None)  2",
            "action": "Delete"
        },
        {
            "id": "5",
            "supplierId": "23",
            "supplierName": "Vickie Pritchett",
            "orderBy": "Kindred Soul Clinic",
            "addOrder": "10-5-2020",
            "orderList1": "Dolofin Antigripal(Dolo)  4",
            "action": "Delete"
        },
        {
            "id": "6",
            "supplierId": "35",
            "supplierName": "Joanne Fry",
            "orderBy": "Hope Haven Hospital",
            "addOrder": "10-5-2020",
            "orderList1": "Dolo 650(CIpla)  0",
            "action": "Delete"
        },
        {
            "id": "7",
            "supplierId": "205",
            "supplierName": "Christopher Johnson",
            "orderBy": "Hill Crest Clinic",
            "addOrder": "10-5-2020",
            "orderList1": "Dolofin Antigripal(Dolo)  50",
            "orderList2": "Dolofin Antigripal(Dolo)  4",
            "action": "Delete"
        }
    ],
    "totalData": 7
}