{
  "data": [
    {
      "invoiceNo": "20170001",
      "medicineName": "Abilify,Actamin,Actamin",
      "totalPrice": "$220",
      "date": "12-5-2020",
      "action1": "Edit",
      "action2": "Invoice",
      "action3": "Delete"
    },
    {
      "invoiceNo": "20169999",
      "medicineName": "Abilify,Actamin",
      "totalPrice": "$100",
      "date": "13-5-2020",
      "action1": "Edit",
      "action2": "Invoice",
      "action3": "Delete"
    },
    {
      "invoiceNo": "20169998",
      "medicineName": "Abilify",
      "totalPrice": "$150",
      "date": "14-5-2020",
      "action1": "Edit",
      "action2": "Invoice",
      "action3": "Delete"
    },
    {
      "invoiceNo": "20170001",
      "medicineName": "Abilify,Actamin,Actamin",
      "totalPrice": "$220",
      "date": "15-5-2020",
      "action1": "Edit",
      "action2": "Invoice",
      "action3": "Delete"
    }
  ],
  "totalData": 4
}
