{
    "data": [
        {
            "invoiceNo": "#IN0001",
            "productId": "#01",
            "productName": "Abilify",
            "totalAmount": "$100.00",
            "status": "Paid",
            "actions": "Delete",
            "img": "assets/pharmacy/img/product/product.jpg"
        },
        {
            "invoiceNo": "#IN0002",
            "productId": "#02",
            "productName": "ITONE eye drops 10ml",
            "totalAmount": "$200.00",
            "status": "Paid",
            "actions": "Delete",
            "img": "assets/pharmacy/img/product/product3.jpg"
        },
        {
            "invoiceNo": "#IN0003",
            "productId": "#03",
            "productName": "Safi Natural Blood Purifier",
            "totalAmount": "$250.00",
            "status": "Paid",
            "actions": "Delete",
            "img": "assets/pharmacy/img/product/product4.jpg"
        },
        {
            "invoiceNo": "#IN0004",
            "productId": "#04",
            "productName": "Moisturization & Nourishment",
            "totalAmount": "$150.00",
            "status": "Paid",
            "actions": "Delete",
            "img": "assets/pharmacy/img/product/product5.jpg"
        },
        {
            "invoiceNo": "#IN0005",
            "productId": "#05",
            "productName": "Blackhead Removal",
            "totalAmount": "$350.00",
            "status": "Paid",
            "actions": "Delete",
            "img": "assets/pharmacy/img/product/product6.jpg"
        },
        {
            "invoiceNo": "#IN0006",
            "productId": "#06",
            "productName": "Abilify",
            "totalAmount": "$300.00",
            "status": "Paid",
            "actions": "Delete",
            "img": "assets/pharmacy/img/product/product.jpg"
        },
        {
            "invoiceNo": "#IN0007",
            "productId": "#07",
            "productName": "Blackhead Removal",
            "totalAmount": "$250.00",
            "status": "Paid",
            "actions": "Delete",
            "img": "assets/pharmacy/img/product/product6.jpg"
        },
        {
            "invoiceNo": "#IN0008",
            "productId": "#08",
            "productName": "ITONE eye drops 10ml",
            "totalAmount": "$150.00",
            "status": "Paid",
            "actions": "Delete",
            "img": "assets/pharmacy/img/product/product3.jpg"
        },
        {
            "invoiceNo": "#IN0009",
            "productId": "#09",
            "productName": "Whitening & Fairness",
            "totalAmount": "$100.00",
            "status": "Paid",
            "actions": "Delete",
            "img": "assets/pharmacy/img/product/product.jpg"
        },
        {
            "invoiceNo": "#IN0010",
            "productId": "#10",
            "productName": "Adderall",
            "totalAmount": "$120.00",
            "status": "Paid",
            "actions": "Delete",
            "img": "assets/pharmacy/img/product/product1.jpg"
        }
    ],
    "totalData": 10
}