{
  "data": [
    {
      "doctorName": "Dr. Ruby Perrin",
      "speciality": "Dental",
      "patientName": "Charlene Reed",
      "appointmentTime": "11.00 AM - 11.15 AM",
      "appointmentDate": "9 Nov 2023",
      "amount": "$200.00",
      "img1": "assets/admin/img/doctors/doctor-thumb-01.jpg",
      "img2": "assets/admin/img/patients/patient2.jpg",
      "isStatus": true
    },
    {
      "doctorName": "Dr. Darren Elder",
      "speciality": "Dental",
      "patientName": "Travis Trimble",
      "appointmentTime": "11.00 AM - 11.35 AM",
      "appointmentDate": "5 Nov 2023",
      "amount": "$300.00",
      "img1": "assets/admin/img/doctors/doctor-thumb-03.jpg",
      "img2": "assets/admin/img/patients/patient3.jpg",
      "isStatus": true
    },
    {
      "doctorName": "Dr. Deborah Angel",
      "speciality": "Cardiology",
      "patientName": "Carl Kelly",
      "appointmentTime": "12.00 PM - 12.15 PM",
      "appointmentDate": "11 Nov 2023",
      "amount": "$150.00",
      "img1": "assets/admin/img/doctors/doctor-thumb-09.jpg",
      "img2": "assets/admin/img/patients/patient9.jpg",
      "isStatus": true
    },
    {
      "doctorName": "Dr. Sofia Brient",
      "speciality": "Urology",
      "patientName": "Michelle Fairfax",
      "appointmentTime": "1.00 PM - 1.20 PM",
      "appointmentDate": "7 Nov 2023",
      "amount": "$150.00",
      "img1": "assets/admin/img/doctors/doctor-thumb-06.jpg",
      "img2": "assets/admin/img/patients/patient6.jpg",
      "isStatus": true
    },
    {
      "doctorName": "Dr. Marvin Campbell",
      "speciality": "Orthopaedics",
      "patientName": "Gina Moore",
      "appointmentTime": "1.00 PM - 1.15 PM",
      "appointmentDate": "15 Nov 2023",
      "amount": "$200.00",
      "img1": "assets/admin/img/doctors/doctor-thumb-07.jpg",
      "img2": "assets/admin/img/patients/patient7.jpg",
      "isStatus": true
    },
    {
      "doctorName": "Dr. Katharine Berthold",
      "speciality": "Orthopaedics",
      "patientName": "Elsie Gilley",
      "appointmentTime": "1.00 PM - 1.15 PM",
      "appointmentDate": "16 Nov 2023",
      "amount": "$250.00",
      "img1": "assets/admin/img/doctors/doctor-thumb-05.jpg",
      "img2": "assets/admin/img/patients/patient5.jpg",
      "isStatus": true
    },
    {
      "doctorName": "Dr. Linda Tobin",
      "speciality": "Neurology",
      "patientName": "Joan Gardner",
      "appointmentTime": "1.10 PM - 1.25 PM",
      "appointmentDate": "18 Nov 2023",
      "amount": "$260.00",
      "img1": "assets/admin/img/doctors/doctor-thumb-08.jpg",
      "img2": "assets/admin/img/patients/patient9.jpg",
      "isStatus": true
    },
    {
      "doctorName": "Dr. Paul Richard",
      "speciality": "Dermatology",
      "patientName": "Daniel Griffing",
      "appointmentTime": "11.10 AM - 11.25 AM",
      "appointmentDate": "18 Nov 2023",
      "amount": "$260.00",
      "img1": "assets/admin/img/doctors/doctor-thumb-10.jpg",
      "img2": "assets/admin/img/patients/patient8.jpg",
      "isStatus": true
    },
    {
      "doctorName": "Dr. John Gibbs",
      "speciality": "Dental",
      "patientName": "Walter Roberson",
      "appointmentTime": "12.10 PM - 12.25 PM",
      "appointmentDate": "21 Nov 2023",
      "amount": "$300.00",
      "img1": "assets/admin/img/doctors/doctor-thumb-01.jpg",
      "img2": "assets/admin/img/patients/patient1.jpg",
      "isStatus": true
    },
    {
      "doctorName": "Dr. Olga Barlow",
      "speciality": "Dental",
      "patientName": "Robert Rhodes",
      "appointmentTime": "12.10 PM - 12.25 PM",
      "appointmentDate": "23 Nov 2023",
      "amount": "$300.00",
      "img1": "assets/admin/img/doctors/doctor-thumb-04.jpg",
      "img2": "assets/admin/img/patients/patient4.jpg",
      "isStatus": false
    }
  ],
  "totalData": 10
}
