{
  "data": [
    {
      "doctorName": "Dr. Ruby Perrin",
      "speciality": "Dental",
      "memberSince": "14 Jan 2023",
      "time": "02.59 AM",
      "earned": "$3100.00",
      "img": "assets/admin/img/doctors/doctor-thumb-01.jpg",
      "isStatus": true
    },
    {
      "doctorName": "Dr. Darren Elder",
      "speciality": "Dental",
      "memberSince": "11 Jun 2023",
      "time": "4.50 AM",
      "earned": "$5000.00",
      "img": "assets/admin/img/doctors/doctor-thumb-03.jpg",
      "isStatus": true
    },
    {
      "doctorName": "Dr. Deborah Angel",
      "speciality": "Cardiology",
      "memberSince": "4 Jan 2018",
      "time": "9.40 AM",
      "earned": "$3300.00",
      "img": "assets/admin/img/doctors/doctor-thumb-09.jpg",
      "isStatus": true
    },
    {
      "doctorName": "Dr. Sofia Brient",
      "speciality": "Urology",
      "memberSince": "5 Jul 2023",
      "time": "12.59 AM",
      "earned": "$3500.00",
      "img": "assets/admin/img/doctors/doctor-thumb-06.jpg",
      "isStatus": true
    },
    {
      "doctorName": "Dr. Marvin Campbell",
      "speciality": "Orthopaedics",
      "memberSince": "24 Jan 2023",
      "time": "02.59 AM",
      "earned": "$3700.00",
      "img": "assets/admin/img/doctors/doctor-thumb-07.jpg",
      "isStatus": true
    },
    {
      "doctorName": "Dr. Katharine Berthold",
      "speciality": "Orthopaedics",
      "memberSince": "23 Mar 2023",
      "time": " 02.50 PM",
      "earned": "$4000.00",
      "img": "assets/admin/img/doctors/doctor-thumb-05.jpg",
      "isStatus": true
    },
    {
      "doctorName": "Dr. Linda Tobin",
      "speciality": "Neurology",
      "memberSince": "14 Dec 2018",
      "time": "01.59 AM",
      "earned": "$2000.00",
      "img": "assets/admin/img/doctors/doctor-thumb-10.jpg",
      "isStatus": true
    },
    {
      "doctorName": "Dr. Paul Richard",
      "speciality": "Dermatology",
      "memberSince": "11 Jan 2023",
      "time": "02.59 AM",
      "earned": "$3000.00",
      "img": "assets/admin/img/doctors/doctor-thumb-08.jpg",
      "isStatus": true
    },
    {
      "doctorName": "Dr. John Gibbs",
      "speciality": "Dental",
      "memberSince": "21 Apr 2018",
      "time": "02.59 AM",
      "earned": "$4100.00",
      "img": "assets/admin/img/doctors/doctor-thumb-01.jpg",
      "isStatus": true
    },
    {
      "doctorName": "Dr. Olga Barlow",
      "speciality": "Dental",
      "memberSince": "15 Feb 2018",
      "time": " 02.50 PM",
      "earned": "$3500.00",
      "img": "assets/admin/img/doctors/doctor-thumb-04.jpg",
      "isStatus": true
    }
  ],
  "totalData": 10
}
