{
  "data": [
    {
      "invoiceNumber": "#IN0001",
      "patientId": "#PT001",
      "patientName": "Charlene Reed",
      "totalAmount": "$100.00",
      "createdDate": "9 Sep 2023",
      "status": "Paid",
      "action1": "Edit",
      "action2": "Delete",
      "img": "assets/admin/img/patients/patient1.jpg"
    },
    {
      "invoiceNumber": "#IN0002",
      "patientId": "#PT002",
      "patientName": "Travis Trimble",
      "totalAmount": "$200.00",
      "createdDate": "29 Oct 2023",
      "status": "Paid",
      "action1": "Edit",
      "action2": "Delete",
      "img": "assets/admin/img/patients/patient2.jpg"
    },
    {
      "invoiceNumber": "#IN0003",
      "patientId": "#PT003",
      "patientName": "Carl Kelly",
      "totalAmount": "$250.00",
      "createdDate": "25 Sep 2023",
      "status": "Paid",
      "action1": "Edit",
      "action2": "Delete",
      "img": "assets/admin/img/patients/patient3.jpg"
    },
    {
      "invoiceNumber": "#IN0004",
      "patientId": "#PT004",
      "patientName": "Michelle Fairfax",
      "totalAmount": "$150.00",
      "createdDate": "9 Oct 2023",
      "status": "Paid",
      "action1": "Edit",
      "action2": "Delete",
      "img": "assets/admin/img/patients/patient4.jpg"
    },
    {
      "invoiceNumber": "#IN0005",
      "patientId": "#PT005",
      "patientName": "Gina Moore",
      "totalAmount": "$350.00",
      "createdDate": "19 Nov 2023",
      "status": "Paid",
      "action1": "Edit",
      "action2": "Delete",
      "img": "assets/admin/img/patients/patient5.jpg"
    },
    {
      "invoiceNumber": "#IN0006",
      "patientId": "#PT006",
      "patientName": "Elsie Gilley",
      "totalAmount": "$300.00",
      "createdDate": "12 Oct 2023",
      "status": "Paid",
      "action1": "Edit",
      "action2": "Delete",
      "img": "assets/admin/img/patients/patient6.jpg"
    },
    {
      "invoiceNumber": "#IN0007",
      "patientId": "#PT007",
      "patientName": "Joan Gardner",
      "totalAmount": "$250.00",
      "createdDate": "25 Oct 2023",
      "status": "Paid",
      "action1": "Edit",
      "action2": "Delete",
      "img": "assets/admin/img/patients/patient7.jpg"
    },
    {
      "invoiceNumber": "#IN0008",
      "patientId": "#PT008",
      "patientName": "Daniel Griffing",
      "totalAmount": "$150.00",
      "createdDate": "30 Oct 2023",
      "status": "Paid",
      "action1": "Edit",
      "action2": "Delete",
      "img": "assets/admin/img/patients/patient8.jpg"
    },
    {
      "invoiceNumber": "#IN0009",
      "patientId": "#PT009",
      "patientName": "Walter Roberson",
      "totalAmount": "$100.00",
      "createdDate": "5 Nov 2023",
      "status": "Paid",
      "action1": "Edit",
      "action2": "Delete",
      "img": "assets/admin/img/patients/patient9.jpg"
    },
    {
      "invoiceNumber": "#IN0010",
      "patientId": "#PT010",
      "patientName": "Robert Rhodes",
      "totalAmount": "$120.00",
      "createdDate": "7 Nov 2023",
      "status": "Paid",
      "action1": "Edit",
      "action2": "Delete",
      "img": "assets/admin/img/patients/patient10.jpg"
    }
  ],
  "totalData": 10
}
