{
    "data" :[
	{
		"patientId": "#PT001",
		"patientName": "Charlene Reed",
		"age": "29",
		"address": "4417  Goosetown Drive, Taylorsville, North Carolina, 28681",
		"phone": "8286329170",
		"lastVisit": "20 Oct 2023",
		"paid": "$100.00",
        "img": "assets/admin/img/patients/patient1.jpg"
	},
	{
		"patientId": "#PT002",
		"patientName": "Travis Trimble",
		"age": "23",
		"address": "4026  Fantages Way, Brunswick, Maine, 04011",
		"phone": "2077299974",
		"lastVisit": "22 Oct 2023",
		"paid": "$200.00",
        "img": "assets/admin/img/patients/patient2.jpg"
	},
	{
		"patientId": "#PT003",
		"patientName": "Carl Kelly",
		"age": "29",
		"address": "2037 Pearcy Avenue, Decatur, Indiana, 46733",
		"phone": "2607247769",
		"lastVisit": "21 Oct 2023",
		"paid": "$250.00",
        "img": "assets/admin/img/patients/patient3.jpg"
	},
	{
		"patientId": "#PT004",
		"patientName": "Michelle Fairfax",
		"age": "25",
		"address": "2037 Pearcy Avenue, Decatur, Indiana, 46733",
		"phone": "5043686874",
		"lastVisit": "21 Sep 2023",
		"paid": "$150.00",
        "img": "assets/admin/img/patients/patient4.jpg"
	},
	{
		"patientId": "#PT005",
		"patientName": "Gina Moore",
		"age": "23",
		"address": "888  Everette Alley, Hialeah, Florida, 33012",
		"phone": "9548207887",
		"lastVisit": "18 Sep 2023",
		"paid": "$350.00",
        "img": "assets/admin/img/patients/patient5.jpg"
	},
	{
		"patientId": "#PT006",
		"patientName": "Elsie Gilley",
		"age": "16",
		"address": "644  Coffman Alley, Bowling Green, Kentucky, 42101",
		"phone": "3153844562",
		"lastVisit": "18 Sep 2023",
		"paid": "$300.00",
        "img": "assets/admin/img/patients/patient6.jpg"
	},
	{
		"patientId": "#PT007",
		"patientName": "Joan Gardner",
		"age": "25",
		"address": "2399  Hillview Drive, San Francisco, California, 94103",
		"phone": "7072202603",
		"lastVisit": "18 Sep 2023",
		"paid": "$250.00",
        "img": "assets/admin/img/patients/patient7.jpg"
	},
	{
		"patientId": "#PT008",
		"patientName": "Daniel Griffing",
		"age": "21",
		"address": "4914  Hilltop Haven Drive, Passaic, New Jersey, 07055",
		"phone": "9737739497",
		"lastVisit": "7 Sep 2023",
		"paid": "$150.00",
        "img": "assets/admin/img/patients/patient8.jpg"
	},
	{
		"patientId": "#PT009",
		"patientName": "Walter Roberson",
		"age": "18",
		"address": "1299  Star Trek Drive, Panama City, Florida, 32405",
		"phone": "8503584445",
		"lastVisit": "11 Sep 2023",
		"paid": "$100.00",
        "img": "assets/admin/img/patients/patient9.jpg"
	},
	{
		"patientId": "#PT010",
		"patientName": "Robert Rhodes",
		"age": "19",
		"address": "1214  Hamill Avenue, Del Mar, California, 92014",
		"phone": "8582595285",
		"lastVisit": "12 Sep 2023",
		"paid": "$120.00",
        "img": "assets/admin/img/patients/patient10.jpg"
	},
	{
		"patientId": "#PT011",
		"patientName": "Harry Williams",
		"age": "9",
		"address": "4566  Sampson Street, Denver, Colorado, 80202",
		"phone": "3036077075",
		"lastVisit": "14 Sep 2023",
		"paid": "$130.00",
        "img": "assets/admin/img/patients/patient11.jpg"
	},
	{
		"patientId": "#PT012",
		"patientName": "Robert Johnston",
		"age": "29",
		"address": "1996  Crummit Lane, Beatrice, Nebraska, 68310",
		"phone": "4022231492",
		"lastVisit": "7 Nov 2023",
		"paid": "$260.00",
        "img": "assets/admin/img/patients/patient12.jpg"
	},
	{
		"patientId": "#PT013",
		"patientName": "Tracy Mason",
		"age": "32",
		"address": "4211  Vesta Drive, TOLEDO, Washington, 98591",
		"phone": "7737265795",
		"lastVisit": "9 Nov 2023",
		"paid": "$290.00",
        "img": "assets/admin/img/patients/patient13.jpg"
	},
	{
		"patientId": "#PT014",
		"patientName": "Daniel Finch",
		"age": "23",
		"address": "186  Bryan Street, Greensboro, North Carolina, 27409",
		"phone": "3362314023",
		"lastVisit": "5 Nov 2023",
		"paid": "$300.00",
        "img": "assets/admin/img/patients/patient14.jpg"
	},
	{
		"patientId": "#PT015",
		"patientName": "Jessica Garza",
		"age": "10",
		"address": "4672  Rose Street, Schaumburg, Illinois, 60173",
		"phone": "7082788201",
		"lastVisit": "6 Nov 2023",
		"paid": "$310.00",
        "img": "assets/admin/img/patients/patient15.jpg"
	}
],
"totalData": 15
}