{
  "data": [
    {
      "patientName": "Charlene Reed",
      "doctorName": "Dr. Ruby Perrin",
      "description": "Lorem ipsum dolor sit amet, consectetur adipiscing elit",
      "date": "3 Nov 2023",
      "time": "09.59 AM",
      "actions": "Delete",
      "img1": "assets/admin/img/patients/patient4.jpg",
      "img2": "assets/admin/img/doctors/doctor-thumb-04.jpg"
    },
    {
      "patientName": "Travis Trimble",
      "doctorName": "Dr. Darren Elder",
      "description": "Lorem ipsum dolor sit amet, consectetur adipiscing elit",
      "date": "2 Nov 2023",
      "time": "08.50 AM",
      "actions": "Delete",
      "img1": "assets/admin/img/patients/patient3.jpg",
      "img2": "assets/admin/img/doctors/doctor-thumb-03.jpg"
    },
    {
      "patientName": "Carl Kelly",
      "doctorName": "Dr. Deborah Angel",
      "description": "Lorem ipsum dolor sit amet, consectetur adipiscing elit",
      "date": "1 Nov 2023",
      "time": "02.59 PM",
      "actions": "Delete",
      "img1": "assets/admin/img/patients/patient1.jpg",
      "img2": "assets/admin/img/doctors/doctor-thumb-01.jpg"
    },
    {
      "patientName": "Michelle Fairfax",
      "doctorName": "Dr. Sofia Brient",
      "description": "Lorem ipsum dolor sit amet, consectetur adipiscing elit",
      "date": "27 Sep 2023",
      "time": "03.40 PM",
      "actions": "Delete",
      "img1": "assets/admin/img/patients/patient8.jpg",
      "img2": "assets/admin/img/doctors/doctor-thumb-07.jpg"
    },
    {
      "patientName": "Gina Moore",
      "doctorName": "Dr. Marvin Campbell",
      "description": "Lorem ipsum dolor sit amet, consectetur adipiscing elit",
      "date": "24 Sep 2023",
      "time": "04.38 PM",
      "actions": "Delete",
      "img1": "assets/admin/img/patients/patient6.jpg",
      "img2": "assets/admin/img/doctors/doctor-thumb-08.jpg"
    },
    {
      "patientName": "Elsie Gilley",
      "doctorName": "Dr. Katharine Berthold",
      "description": "Lorem ipsum dolor sit amet, consectetur adipiscing elit",
      "date": "22 Aug 2023",
      "time": "01.50 PM",
      "actions": "Delete",
      "img1": "assets/admin/img/patients/patient5.jpg",
      "img2": "assets/admin/img/doctors/doctor-thumb-06.jpg"
    },
    {
      "patientName": "Joan Gardner",
      "doctorName": "Dr. Linda Tobin",
      "description": "Lorem ipsum dolor sit amet, consectetur adipiscing elit",
      "date": "21 Jul 2023",
      "time": "05.50 PM",
      "actions": "Delete",
      "img1": "assets/admin/img/patients/patient10.jpg",
      "img2": "assets/admin/img/doctors/doctor-thumb-05.jpg"
    },
    {
      "patientName": "Daniel Griffing",
      "doctorName": "Dr. Paul Richard",
      "description": "Lorem ipsum dolor sit amet, consectetur adipiscing elit",
      "date": "16 Jun 2023",
      "time": "04.50 PM",
      "actions": "Delete",
      "img1": "assets/admin/img/patients/patient7.jpg",
      "img2": "assets/admin/img/doctors/doctor-thumb-10.jpg"
    },
    {
      "patientName": "Walter Roberson",
      "doctorName": "Dr. John Gibbs",
      "description": "Lorem ipsum dolor sit amet, consectetur adipiscing elit",
      "date": "11 Mar 2023",
      "time": "05.55 PM",
      "actions": "Delete",
      "img1": "assets/admin/img/patients/patient2.jpg",
      "img2": "assets/admin/img/doctors/doctor-thumb-02.jpg"
    },
    {
      "patientName": "Harry Williams",
      "doctorName": "Dr. Olga Barlow",
      "description": "Lorem ipsum dolor sit amet, consectetur adipiscing elit",
      "date": "15 Feb 2023",
      "time": "07.30 PM",
      "actions": "Delete",
      "img1": "assets/admin/img/patients/patient9.jpg",
      "img2": "assets/admin/img/doctors/doctor-thumb-09.jpg"
    }
  ],
  "totalData": 10
}
