{
    "data": [
	 {
		"date": "11 Nov 2023",
        "time": "10.00 AM",
		"patientName": "Richard Wilson",
        "id": "#PT0016",
		"amount": "$150",
		"status": "Paid",
		"action1": "View",
        "action2": "Accept",
        "action3": "Cancel",
        "img": "assets/img/patients/patient.jpg"
	},
	{
		"date": "3 Nov 2023",
        "time": "11.00 AM",
		"patientName": "Charlene Reed",
        "id": "#PT0001",
		"amount": "$200",
		"status": "Paid",
		"action1": "View",
        "action2": "Accept",
        "action3": "Cancel",
        "img": "assets/img/patients/patient1.jpg"
	},
	{
		"date": "1 Nov 2023",
        "time": "1.00 PM",
		"patientName": "Travis Trimble",
        "id": "#PT0002",
		"amount": "$75",
		"status": "Paid",
		"action1": "View",
        "action2": "Accept",
        "action3": "Cancel",
        "img": "assets/img/patients/patient2.jpg"
	},
	{
		"date": "30 Oct 2023",
        "time": "9.00 AM",
		"patientName": "Carl Kelly",
        "id": "#PT0003",
		"amount": "$100",
		"status": "Pending",
		"action1": "View",
        "action2": "Accept",
        "action3": "Cancel",
        "img": "assets/img/patients/patient3.jpg"
	},
	{
		"date": "28 Oct 2023",
        "time": "6.00 PM",
		"patientName": "Michelle Fairfax",
        "id": "#PT0004",
		"amount": "$350",
		"status": "Paid",
		"action1": "View",
        "action2": "Accept",
        "action3": "Cancel",
        "img": "assets/img/patients/patient4.jpg"
	},
	{
		"date": "27 Oct 2023",
        "time": "8.00 AM",
		"patientName": "Gina Moore",
        "id": "#PT0005",
		"amount": "$250",
		"status": "Refunded",
		"action1": "View",
        "action2": "Accept",
        "action3": "Cancel",
        "img": "assets/img/patients/patient5.jpg"
	}
],
"totalData": 6
}