{
   "data": [
	{
		"patientName": "Elsie Gilley",
        "patientId": "#PT0007",
		"apptDate": "14 Nov 2023",
        "apptTime": "6.00 PM",
		"purpose": "Fever",
		"type": "Old Patient",
		"paidAmount": "$300",
		"action1": "View",
        "action2": "Accept",
        "action3": "Cancel",
		"img": "assets/img/patients/patient6.jpg"
	},
	{
		"patientName": "Joan Gardner",
        "patientId": "#PT0008",
		"apptDate": "14 Nov 2023",
        "apptTime": "5.00 PM",
		"purpose": "General",
		"type": "Old Patient",
		"paidAmount": "$100",
		"action1": "View",
        "action2": "Accept",
        "action3": "Cancel",
		"img": "assets/img/patients/patient7.jpg"
	},
	{
		"patientName": "Daniel Griffing",
        "patientId": "#PT0009",
		"apptDate": "14 Nov 2023",
        "apptTime": "3.00 PM",
		"purpose": "General",
		"type": "New Patient",
		"paidAmount": "$75",
		"action1": "View",
        "action2": "Accept",
        "action3": "Cancel",
		"img": "assets/img/patients/patient8.jpg"
	},
	{
		"patientName": "Walter Roberson",
        "patientId": "#PT0010",
		"apptDate": "14 Nov 2023",
        "apptTime": "1.00 PM",
		"purpose": "General",
		"type": "Old Patient",
		"paidAmount": "$350",
		"action1": "View",
        "action2": "Accept",
        "action3": "Cancel",
		"img": "assets/img/patients/patient9.jpg"
	},
	{
		"patientName": "Robert Rhodes",
        "patientId": "#PT0011",
		"apptDate": "14 Nov 2023",
        "apptTime": "10.00 AM",
		"purpose": "General",
		"type": "New Patient",
		"paidAmount": "$175",
		"action1": "View",
        "action2": "Accept",
        "action3": "Cancel",
		"img": "assets/img/patients/patient10.jpg"
	},
	{
		"patientName": "Harry Williams",
        "patientId": "#PT0012",
		"apptDate": "14 Nov 2023",
        "apptTime": "11.00 AM",
		"purpose": "General",
		"type": "New Patient",
		"paidAmount": "$450",
		"action1": "View",
        "action2": "Accept",
        "action3": "Cancel",
		"img": "assets/img/patients/patient11.jpg"
	}
],
    "totalData": 6
}