{
    "data": [
        {
            "patientName": "Richard Wilson",
            "patientId": "#PT0001",
            "apptDate": "11 Nov 2023",
            "apptTime": "10.00 AM",
            "purpose": "General",
            "type": "New Patient",
            "paidAmount": "$150",
            "action1": "View",
            "action2": "Accept",
            "action3": "Cancel",
            "img": "assets/img/patients/patient.jpg"
        },
        {
            "patientName": "Charlene Reed",
            "patientId": "#PT0002",
            "apptDate": "3 Nov 2023",
            "apptTime": "11.00 AM",
            "purpose": "General",
            "type": "Old Patient",
            "paidAmount": "$200",
            "action1": "View",
            "action2": "Accept",
            "action3": "Cancel",
            "img": "assets/img/patients/patient1.jpg"
        },
        {
            "patientName": "Travis Trimble ",
            "patientId": "#PT0003",
            "apptDate": "1 Nov 2023",
            "apptTime": "1.00 PM",
            "purpose": "General",
            "type": "New Patient",
            "paidAmount": "$75",
            "action1": "View",
            "action2": "Accept",
            "action3": "Cancel",
            "img": "assets/img/patients/patient2.jpg"
        },
        {
            "patientName": "Carl Kelly",
            "patientId": "#PT0004",
            "apptDate": "30 Oct 2023",
            "apptTime": "9.00 AM",
            "purpose": "General",
            "type": "Old Patient",
            "paidAmount": "$100",
            "action1": "View",
            "action2": "Accept",
            "action3": "Cancel",
            "img": "assets/img/patients/patient3.jpg"
        },
        {
            "patientName": "Michelle Fairfax",
            "patientId": "#PT0005",
            "apptDate": "28 Oct 2023",
            "apptTime": "6.00 PM",
            "purpose": "General",
            "type": "New Patient",
            "paidAmount": "$350",
            "action1": "View",
            "action2": "Accept",
            "action3": "Cancel",
            "img": "assets/img/patients/patient4.jpg"
        },
        {
            "patientName": "Gina Moore",
            "patientId": "#PT0006",
            "apptDate": "27 Oct 2023",
            "apptTime": "8.00 AM",
            "purpose": "General",
            "type": "Old Patient",
            "paidAmount": "$250",
            "action1": "View",
            "action2": "Accept",
            "action3": "Cancel",
            "img": "assets/img/patients/patient5.jpg"
        }
    ],
    "totalData": 6
}