{
    "data": [
	{
		"invoiceno": "#INV-0010",
		"patientName": "Richard Wilson",
        "img":"assets/img/patients/patient.jpg",
        "patientid":"#PT0016",
		"amount": "$450",
        "date":"14 Nov 2023"
	},
    {
		"invoiceno": "#INV-0009",
		"patientName": "Charlene Reed",
        "img":"assets/img/patients/patient1.jpg",
        "patientid":"#PT0001",
		"amount": "$200",
        "date":"13 Nov 2023"
	},
    {
		"invoiceno": "#INV-0008",
		"patientName": "Travis Trimble",
        "img":"assets/img/patients/patient2.jpg",
        "patientid":"#PT0002",
		"amount": "$100",
        "date":"12 Nov 2023"
	},
    {
		"invoiceno": "#INV-0007",
		"patientName": "Carl Kelly",
        "img":"assets/img/patients/patient3.jpg",
        "patientid":"#PT0003",
		"amount": "$350",
        "date":"11 Nov 2023"
	},
    {
		"invoiceno": "#INV-0006",
		"patientName": "Michelle Fairfax",
        "img":"assets/img/patients/patient4.jpg",
        "patientid":"#PT0004",
		"amount": "$275",
        "date":"10 Nov 2023"
	},
    {
		"invoiceno": "#INV-0005",
		"patientName": "Gina Moore",
        "img":"assets/img/patients/patient5.jpg",
        "patientid":"#PT0005",
		"amount": "$600",
        "date":"9 Nov 2023"
	},
    {
		"invoiceno": "#INV-0004",
		"patientName": "Elsie Gilley",
        "img":"assets/img/patients/patient6.jpg",
        "patientid":"#PT0006",
		"amount": "$50",
        "date":"8 Nov 2023"
	},
    {
		"invoiceno": "#INV-0003",
		"patientName": "Joan Gardner",
        "img":"assets/img/patients/patient7.jpg",
        "patientid":"#PT0007",
		"amount": "$400",
        "date":"7 Nov 2023"
	},
    {
		"invoiceno": "#INV-0002",
		"patientName": "Daniel Griffing",
        "img":"assets/img/patients/patient8.jpg",
        "patientid":"#PT0008",
		"amount": "$550",
        "date":"6 Nov 2023"
	},
    {
		"invoiceno": "#INV-0001",
		"patientName": "Walter Roberson",
        "img":"assets/img/patients/patient9.jpg",
        "patientid":"#PT0009",
		"amount": "$100",
        "date":"5 Nov 2023"
	}
	
],
"totalData": 10
}