{
    "data": [
	{
		"id": "1",
		"Name": "Richard Wilson",
        "date":"11 Nov 2023",
        "time":"10.00 AM",
        "description":"Benzaxapine Croplex",
        "orderby":"Your Self"
       
	},
    {
		"id": "2",
		"Name": "Vena",
        "date":"3 Nov 2023 ",
        "time":"11.00 AM",
        "description":"Rapalac Neuronium",
        "orderby":"Your Self"
	},
    {
		"id": "3",
		"Name": "Tressie",
        "date":"1 Nov 2023 ",
        "time":"1.00 PM",
        "description":"Ombinazol Bonibamol",
        "orderby":"Your Self"
	},
    {
		"id": "4",
		"Name": "Richard Wilson",
        "date":"30 Oct 2023 ",
        "time":"9.00 AM",
        "description":"Dantotate Dantodazole",
        "orderby":"Your Self"
	},
    {
		"id": "5",
		"Name": "Christopher",
        "date":"28 Oct 2023 ",
        "time":"6.00 PM",
        "description":"Acetrace Amionel",
        "orderby":"Your Self"
	}
   
    
  
	
],
"totalData": 5
}