{
    "data": [
	{
		"id": "1",
        "name": "Richard Wilson",
		"bmi": "23.7",
        "heartRate": "89",
		"fbcStatus": "140",
		"weight": "74Kg",
		"orderDate": "1 Nov 2023",
        "orderTime": "1 Nov 2023"
	},
    {
		"id": "2",
        "name": "Champagne",
		"bmi": "25.2",
        "heartRate": "92",
		"fbcStatus": "135",
		"weight": "73Kg",
		"orderDate": "3 Nov 2023",
        "orderTime": "11.00 AM"
	},
    {
		"id": "3",
        "name": "Vena",
		"bmi": "24.5",
        "heartRate": "90",
		"fbcStatus": "125",
		"weight": "73.5Kg",
		"orderDate": "1 Nov 2023",
        "orderTime": "1.00 PM"
	},
    {
		"id": "4",
        "name": "Tressie",
		"bmi": "24.2",
        "heartRate": "95",
		"fbcStatus": "128",
		"weight": "10.2Kg",
		"orderDate": "30 Oct 2023",
        "orderTime": "9.00 AM"
	},
    {
		"id": "5",
        "name": "Christopher",
		"bmi": "24.7",
        "heartRate": "99",
		"fbcStatus": "122",
		"weight": "12.8Kg",
		"orderDate": "28 Oct 2023",
        "orderTime": "6.00 PM"
	}
	
],
"totalData": 5
}