{
    "data": [
	{
		"id": "1",
        "date":"11 Nov 2023",
        "Name": "Prescription",
        "time":"10.00 AM",
        "doctor":"Dr. Ruby Perrin",
        "img":"assets/img/doctors/doctor-thumb-01.jpg",
        "group":"Dental"
        
	},
    {
		"id": "2",
        "date":"3 Nov 2023",
        "Name": "Prescription",
        "time":"11.00 AM",
        "doctor":"Dr. Darren Elder",
        "img":"assets/img/doctors/doctor-thumb-02.jpg",
        "group":"Dental"
        
	},
    {
		"id": "3",
        "date":"1 Nov 2023",
        "Name": "Prescription",
        "time":"1.00 PM",
        "doctor":"Dr. Deborah Angel",
        "img":"assets/img/doctors/doctor-thumb-03.jpg",
        "group":"Cardiology"
       
	},
    {
		"id": "4",
        "date":"30 Oct 2023",
        "Name": "Prescription",
        "time":"9.00 AM",
        "doctor":"Dr. Sofia Brient ",
        "img":"assets/img/doctors/doctor-thumb-04.jpg",
        "group":"Urology"
        
	},
    {
		"id": "5",
        "date":"28 Oct 2023",
        "Name": "Prescription",
        "time":"6.00 PM",
        "doctor":"Dr. Marvin Campbell",
        "img":"assets/img/doctors/doctor-thumb-05.jpg",
        "group":"Ophthalmology"
       
	},
    {
		"id": "6",
        "date":"27 Oct 2023",
        "Name": "Prescription",
        "time":"8.00 PM",
        "doctor":"Dr. Katharine Berthold",
        "img":"assets/img/doctors/doctor-thumb-06.jpg",
        "group":"Orthopaedics"
       
	}
   
    
  
	
],
"totalData": 5
}