{
	"data": [
		{
			"id": "#MR-0010",
			"date": "14 Nov 2023",
			"description": "Dental Filling",
			"attachment": "dental-test.pdf",
			"created": "Dr. Ruby Perrin Dental",
			"action1": "View",
			"action2": "Print",
			"img": "assets/img/doctors/doctor-thumb-01.jpg"
		},
		{
			"id": "#MR-0009",
			"date": "13 Nov 2023",
			"description": "Teeth Cleaning",
			"attachment": "dental-test.pdf",
			"created": "Dr. Darren Elder Dental",
			"action1": "View",
			"action2": "Print",
			"img": "assets/img/doctors/doctor-thumb-02.jpg"
		},
		{
			"id": "#MR-0008",
			"date": "12 Nov 2023",
			"description": "General Checkup",
			"attachment": "cardio-test.pdf",
			"created": "Dr. Deborah Angel Cardiology",
			"action1": "View",
			"action2": "Print",
			"img": "assets/img/doctors/doctor-thumb-03.jpg"
		},
		{
			"id": "#MR-0007",
			"date": "11 Nov 2023",
			"description": "General Test",
			"attachment": "general-test.pdf",
			"created": "Dr. Sofia Brient Urology",
			"action1": "View",
			"action2": "Print",
			"img": "assets/img/doctors/doctor-thumb-04.jpg"
		},
		{
			"id": "#MR-0006",
			"date": "10 Nov 2023",
			"description": "Eye Test",
			"attachment": "eye-test.pdf",
			"created": "Dr. Marvin Campbell Ophthalmology",
			"action1": "View",
			"action2": "Print",
			"img": "assets/img/doctors/doctor-thumb-05.jpg"
		},
		{
			"id": "#MR-0005",
			"date": "9 Nov 2023",
			"description": "Leg Pain",
			"attachment": "ortho-test.pdf",
			"created": "Dr. Katharine Berthold Orthopaedics",
			"action1": "View",
			"action2": "Print",
			"img": "assets/img/doctors/doctor-thumb-06.jpg"
		},
		{
			"id": "#MR-0004",
			"date": "8 Nov 2023",
			"description": "Head pain",
			"attachment": "neuro-test.pdf",
			"created": "Dr. Linda Tobin Neurology",
			"action1": "View",
			"action2": "Print",
			"img": "assets/img/doctors/doctor-thumb-07.jpg"
		},
		{
			"id": "#MR-0003",
			"date": "7 Nov 2023",
			"description": "Skin Alergy",
			"attachment": "alergy-test.pdf",
			"created": "Dr. Paul Richard Dermatology",
			"action1": "View",
			"action2": "Print",
			"img": "assets/img/doctors/doctor-thumb-08.jpg"
		},
		{
			"id": "#MR-0002",
			"date": "6 Nov 2023",
			"description": "Dental Removing",
			"attachment": "dental-test.pdf",
			"created": "Dr. John Gibbs Dental",
			"action1": "View",
			"action2": "Print",
			"img": "assets/img/doctors/doctor-thumb-09.jpg"
		},
		{
			"id": "#MR-0001",
			"date": "5 Nov 2023",
			"description": "Dental Filling",
			"attachment": "dental-test.pdf",
			"created": "Dr. Olga Barlow Dental",
			"action1": "View",
			"action2": "Print",
			"img": "assets/img/doctors/doctor-thumb-10.jpg"
		}
	],
	"totalData": 10
}