{
  "data": [
    {
      "img": "assets/img/doctors/doctor-thumb-01.jpg",
      "doctor": "Dr. Ruby Perrin",
      "specification": "Dental",
      "appDate": "14 Nov 2023",
      "appTime": "10.00 AM",
      "bookingDate": "12 Nov 2023",
      "amount": "$160",
      "followup": "16 Nov 2023",
      "status": "Confirm",
      "action1": "Edit"
    },
    {
      "img": "assets/img/doctors/doctor-thumb-02.jpg",
      "doctor": "Dr. Darren Elder ",
      "specification": "Dental",
      " appDate": "12 Nov 2023",
      "appTime": "8.00 PM",
      "bookingDate": "12 Nov 2023",
      "amount": "$250",
      "followup": "14 Nov 2023",
      "status": "Confirm",
      "action1": "Edit"
    },
    {
      "img": "assets/img/doctors/doctor-thumb-03.jpg",
      "doctor": "Dr. Deborah Angel",
      "specification": "Dental",
      "appDate": "11 Nov 2023",
      "appTime": "11.00 AM",
      "bookingDate": "10 Nov 2023",
      "amount": "$400",
      "followup": "13 Nov 2023",
      "status": "Cancelled",
      "action1": "Edit"
    },
    {
      "img": "assets/img/doctors/doctor-thumb-04.jpg",
      "doctor": "Dr. Sofia Brient",
      "specification": "Dental",
      "appDate": "11 Nov 2023",
      "appTime": "11.00 AM",
      "bookingDate": "10 Nov 2023",
      "amount": "$400",
      "followup": "13 Nov 2023",
      "status": "Cancelled",
      "action1": "Edit"
    },
    {
      "img": "assets/img/doctors/doctor-thumb-05.jpg",
      "doctor": "Dr. Marvin Campbell",
      "specification": "Dental",
      "appDate": "10 Nov 2023",
      "appTime": "3.00 PM",
      "bookingDate": "10 Nov 2023",
      "amount": "$350",
      "followup": "12 Nov 2023",
      "status": "Pending",
      "action1": "Edit"
    },
    {
      "img": "assets/img/doctors/doctor-thumb-06.jpg",
      "doctor": "Dr. Katharine Berthold ",
      "specification": "Dental",
      "appDate": "9 Nov 2023",
      "appTime": "7.00 PM",
      "bookingDate": "8 Nov 2023",
      "amount": "$75",
      "followup": "11 Nov 2023",
      "status": "Confirm",
      "action1": "Edit"
    },
    {
      "img": "assets/img/doctors/doctor-thumb-07.jpg",
      "doctor": "Dr. Linda Tobin",
      "specification": "Dental",
      "appDate": "8 Nov 2023",
      "appTime": "9.00 AM",
      "bookingDate": "6 Nov 2023",
      "amount": "$175",
      "followup": "10 Nov 2023",
      "status": "Cancelled",
      "action1": "Edit"
    },
    {
      "img": "assets/img/doctors/doctor-thumb-08.jpg",
      "doctor": "Dr. Paul Richard",
      "specification": "Dental",
      "appDate": "8 Nov 2023",
      "appTime": "6.00 PM",
      "bookingDate": "6 Nov 2023",
      "amount": "$450",
      "followup": "10 Nov 2023",
      "status": "Confirm",
      "action1": "Edit"
    },
    {
      "img": "assets/img/doctors/doctor-thumb-09.jpg",
      "doctor": "Dr. John Gibbs",
      "specification": "Dental",
      "appDate": "7 Nov 2023",
      "appTime": "9.00 PM",
      "bookingDate": "7 Nov 2023",
      "amount": "$275",
      "followup": "9 Nov 2023",
      "status": "Completed",
      "action1": "Edit"
    },
    {
      "img": "assets/img/doctors/doctor-thumb-10.jpg",
      "doctor": "Dr. Olga Barlows",
      "specification": "Dental",
      "appDate": "6 Nov 2023",
      "appTime": "8.00 PM",
      "bookingDate": "4 Nov 2023",
      "amount": "$600",
      "followup": "8 Nov 2023",
      "status": "Completed",
      "action1": "Edit"
    },
    {
      "img": "assets/img/doctors/doctor-thumb-01.jpg",
      "doctor": "Dr. Darren Elder ",
      "specification": "Dental",
      "appDate": "5 Nov 2023",
      "appTime": "5.00 PM",
      "bookingDate": "1 Nov 2023",
      "amount": "$100",
      "followup": "7 Nov 2023",
      "status": "Completed",
      "action1": "Edit"
    }
  ],
  "totalData": 6
}
