{
	"data": [
		{
			"invoiceNo": "#INV-0010",
			"doctor": "Ruby Perrin Dental",
			"amount": "$450",
			"paidOn": "14 Nov 2023",
			"action1": "View",
			"action2": "Print",
			"img": "assets/img/doctors/doctor-thumb-01.jpg"
		},
		{
			"invoiceNo": "#INV-0009",
			"doctor": "Dr. Darren Elder Dental",
			"amount": "$300",
			"paidOn": "13 Nov 2023",
			"action1": "View",
			"action2": "Print",
			"img": "assets/img/doctors/doctor-thumb-02.jpg"
		},
		{
			"invoiceNo": "#INV-0008",
			"doctor": "Dr. Deborah Angel Cardiology",
			"amount": "$150",
			"paidOn": "12 Nov 2023",
			"action1": "View",
			"action2": "Print",
			"img": "assets/img/doctors/doctor-thumb-03.jpg"
		},
		{
			"invoiceNo": "#INV-0007",
			"doctor": "Dr. Sofia Brient Urology",
			"amount": "$50",
			"paidOn": "11 Nov 2023",
			"action1": "View",
			"action2": "Print",
			"img": "assets/img/doctors/doctor-thumb-04.jpg"
		},
		{
			"invoiceNo": "#INV-0006",
			"doctor": "Dr. Marvin Campbell Ophthalmology",
			"amount": "$600",
			"paidOn": "10 Nov 2023",
			"action1": "View",
			"action2": "Print",
			"img": "assets/img/doctors/doctor-thumb-05.jpg"
		},
		{
			"invoiceNo": "#INV-0005",
			"doctor": "Dr. Katharine Berthold Orthopaedics",
			"amount": "$200",
			"paidOn": "9 Nov 2023",
			"action1": "View",
			"action2": "Print",
			"img": "assets/img/doctors/doctor-thumb-06.jpg"
		},
		{
			"invoiceNo": "#INV-0004",
			"doctor": "Dr. Linda Tobin Neurology",
			"amount": "$100",
			"paidOn": "8 Nov 2023",
			"action1": "View",
			"action2": "Print",
			"img": "assets/img/doctors/doctor-thumb-07.jpg"
		},
		{
			"invoiceNo": "#INV-0003",
			"doctor": "Dr. Paul Richard Dermatology",
			"amount": "$250",
			"paidOn": "7 Nov 2023",
			"action1": "View",
			"action2": "Print",
			"img": "assets/img/doctors/doctor-thumb-08.jpg"
		},
		{
			"invoiceNo": "#INV-0002",
			"doctor": "Dr. John Gibbs Dental",
			"amount": "$175",
			"paidOn": "6 Nov 2023",
			"action1": "View",
			"action2": "Print",
			"img": "assets/img/doctors/doctor-thumb-09.jpg"
		},
		{
			"invoiceNo": "#INV-0001",
			"doctor": "Dr. Olga Barlow #0010",
			"amount": "$550",
			"paidOn": "5 Nov 2023",
			"action1": "View",
			"action2": "Print",
			"img": "assets/img/doctors/doctor-thumb-10.jpg"
		}
	],
	"totalData": 10
}