{
    "data": [
	 {  
        "invoiceNo":"#INV-0010",
		"doctor": "Ruby Perrin ",
        "doctorimg":"assets/img/doctors/doctor-thumb-01.jpg",
        "specification":"Dental",
        "amount":"$450",
        "action1": "View",
		"action2": "Print",
        "paidOn":"14 Nov 2023"
	},
	{
		"invoiceNo":"#INV-0009",
		"doctor": "Dr. Darren Elder ",
        "doctorimg":"assets/img/doctors/doctor-thumb-02.jpg",
        "specfication":"Dental",
        "amount":"$300",
        "action1": "View",
		"action2": "Print",
        "paidOn":"13 Nov 2023"
	},
	{
		"invoiceNo":"#INV-0008",
		"doctor": "Dr. Deborah Angel",
        "doctorimg":"assets/img/doctors/doctor-thumb-03.jpg",
        "specfication":"Cardiology",
        "amount":"$150",
        "paidOn":"12 Nov 2023",
        "action1": "View",
	    "action2": "Print"
	},
	{
		"invoiceNo":"#INV-0007",
		"doctor": "Dr. Sofia Brient",
        "doctorimg":"assets/img/doctors/doctor-thumb-04.jpg",
        "specfication":"Urology",
        "amount":"$50",
        "paidOn":"11 Nov 2023",
        "action1": "View",
		"action2": "Print"
	},
    {
		"invoiceNo":"#INV-0006",
		"doctor": "Dr. Marvin Campbell",
        "doctorimg":"assets/img/doctors/doctor-thumb-04.jpg",
        "specfication":"Ophthalmology",
        "amount":"$600",
        "paidOn":"10 Nov 2023",
        "action1": "View",
		"action2": "Print"
	},
    {
		"invoiceNo":"#INV-0005",
		"doctor": "Dr. Katharine Berthold",
        "doctorimg":"assets/img/doctors/doctor-thumb-04.jpg",
        "specfication":"Orthopaedics",
        "amount":"$200",
        "paidOn":"9 Nov 2023",
        "action1": "View",
		"action2": "Print"
	},
    {
		"invoiceNo":"#INV-0004",
		"doctor": "Dr. Linda Tobin",
        "doctorimg":"assets/img/doctors/doctor-thumb-07.jpg",
        "specfication":"Neurology",
        "amount":"$100",
        "paidOn":"8 Nov 2023",
        "action1": "View",
		"action2": "Print"
	},
    {
		"invoiceNo":"#INV-0003",
		"doctor": "Dr. Paul Richard",
        "doctorimg":"assets/img/doctors/doctor-thumb-08.jpg",
        "specfication":"Dermatology",
        "amount":"$250",
        "paidOn":"7 Nov 2023",
        "action1": "View",
		"action2": "Print"
	},
    {
		"invoiceNo":">#INV-0002",
		"doctor": "Dr. John Gibbs",
        "doctorimg":"assets/img/doctors/doctor-thumb-09.jpg",
        "specfication":"Dental",
        "amount":"$175",
        "paidOn":"6 Nov 2023",
        "action1": "View",
		"action2": "Print"
	},
    {
		"invoiceNo":">#INV-0001",
		"doctor": "Dr. Olga Barlow",
        "doctorimg":"assets/img/doctors/doctor-thumb-09.jpg",
        "specfication":"Dental",
        "amount":"#0010",
        "paidOn":"5 Nov 2023",
        "action1": "View",
		"action2": "Print"
	}
   
   
  
],
"totalData": 10
}