{
    "data": [
        {
            "date": "11 Nov 2023",
            "time": "10.00 AM",
            "img": "assets/img/doctors/doctor-thumb-01.jpg",
            "doctorName": "Dr. Ruby Perrin Dental",
            "amount": "$150",
            "status": "Paid",
            "action1": "View",
            "action2": "Accept",
            "action3": "Cancel"

        },
        {
            "date": "3 Nov 2023",
            "time": "11.00 AM",
            "img": "assets/img/doctors/doctor-thumb-02.jpg",
            "doctorName": "Dr. Darren Elder Dental",
            "amount": "$200",
            "status": "Paid",
            "action1": "View",
            "action2": "Accept",
            "action3": "Cancel"

        },
        {
            "date": "1 Nov 2023",
            "time": "1.00 PM",
            "img": "assets/img/doctors/doctor-thumb-03.jpg",
            "doctorName": "Dr. Deborah Angel Cardiology",
            "amount": "$75",
            "status": "Paid",
            "action1": "View",
            "action2": "Accept",
            "action3": "Cancel"

        },
        {
            "date": "30 Oct 2023",
            "time": "9.00 AM",
            "img": "assets/img/doctors/doctor-thumb-04.jpg",
            "doctorName": "Dr. Sofia Brient Urology",
            "amount": "$100",
            "status": "Pending",
            "action1": "View",
            "action2": "Accept",
            "action3": "Cancel"

        },
        {
            "date": "28 Oct 2023",
            "time": "6.00 PM",
            "img": "assets/img/doctors/doctor-thumb-05.jpg",
            "doctorName": "Dr. Marvin Campbell Ophthalmology",
            "amount": "$350",
            "status": "Paid",
            "action1": "View",
            "action2": "Accept",
            "action3": "Cancel"

        },
        {
            "date": "27 Oct 2023",
            "time": "8.00 AM",
            "img": "assets/img/doctors/doctor-thumb-06.jpg",
            "doctorName": "Dr. Katharine Berthold Orthopaedics",
            "amount": "$250",
            "status": "Refunded",
            "action1": "View",
            "action2": "Accept",
            "action3": "Cancel"

        }
    ],
    "totalData": 6
}