{
    "data": [
	 {  
        "id":"#MR-0010",
		"date": "14 Nov 2023 ",
        "description":"Dental Filling",
        "attachement":"dental-test.pdf",
        "created":"Dr. Ruby Perrin",
        "specification":"Dental",
        "doctorimg":"assets/img/doctors/doctor-thumb-01.jpg"

	},
	{
		"id":"#MR-0009",
		"date": "13 Nov 2023 ",
        "description":"Teeth Cleaning",
        "attachement":"dental-test.pdf",
        "created":"Dr. Darren Elder",
        "specification":"Dental",
        "doctorimg":"assets/img/doctors/doctor-thumb-02.jpg"
	},
	{
		"id":"#MR-0008",
		"date": "12 Nov 2023 ",
        "description":"General Checkup",
        "attachement":"cardio-test.pdf",
        "created":"Dr. Deborah Angel",
        "specification":"Cardiology",
        "doctorimg":"assets/img/doctors/doctor-thumb-03.jpg"
	},
	{
		"id":"#MR-0007",
		"date": "11 Nov 2023 ",
        "description":"General Test",
        "attachement":"general-test.pdf",
        "created":"Dr. Sofia Brient",
        "specification":"Urology",
        "doctorimg":"assets/img/doctors/doctor-thumb-04.jpg"
	},
    {
		"id":"#MR-0006",
		"date": "10 Nov 2023",
        "description":"Eye Test",
        "attachement":"eye-test.pdf",
        "created":"Dr. Marvin Campbell ",
        "specification":"Ophthalmology",
        "doctorimg":"assets/img/doctors/doctor-thumb-05.jpg"
	},
    {
		"id":"#MR-0005",
		"date": "9 Nov 2023",
        "description":"Leg Pain",
        "attachement":"ortho-test.pdf",
        "created":"Dr. Katharine Berthold ",
        "specification":"Orthopaedics",
        "doctorimg":"assets/img/doctors/doctor-thumb-06.jpg"
	},
    {
		"id":"#MR-0004",
		"date": "8 Nov 2023",
        "description":"Head pain",
        "attachement":"neuro-test.pdf",
        "created":"Dr. Linda Tobin ",
        "specification":"Neurology",
        "doctorimg":"assets/img/doctors/doctor-thumb-07.jpg"
	},
    {
		"id":"#MR-0004",
		"date": "8 Nov 2023",
        "description":"Head pain",
        "attachement":"neuro-test.pdf",
        "created":"Dr. Linda Tobin ",
        "specification":"Neurology",
        "doctorimg":"assets/img/doctors/doctor-thumb-07.jpg"
	},
    {
		"id":"#MR-0003",
		"date": "7 Nov 2023",
        "description":"Skin Alergy",
        "attachement":"alergy-test.pdf",
        "created":"Dr. Paul Richard ",
        "specification":"Dermatology",
        "doctorimg":"assets/img/doctors/doctor-thumb-08.jpg"
	},
    {
		"id":"#MR-0002",
		"date": "6 Nov 2023",
        "description":"Dental Removing",
        "attachement":"dental-test.pdf",
        "created":"Dr. John Gibbs ",
        "specification":"Dental",
        "doctorimg":"assets/img/doctors/doctor-thumb-09.jpg"
	},
    {
		"id":"#MR-0001",
		"date": "5 Nov 2023",
        "description":"Dental Filling",
        "attachement":"dental-test.pdf",
        "created":"Dr. Olga Barlow ",
        "specification":"Dental",
        "doctorimg":"assets/img/doctors/doctor-thumb-10.jpg"
	}
   
  
],
"totalData": 10
}