{
    "data": [
        {
            "doctor": "Dr. Ruby Perrin Dental",
            "apptDate": "14 Nov 2023 10.00 AM",
            "bookingDate": "12 Nov 2023",
            "amount": "$160",
            "followUp": "16 Nov 2023",
            "status": "Confirm",
            "action1": "Print",
            "action2": "View",
            "img": "assets/img/doctors/doctor-thumb-01.jpg"
        },
        {
            "doctor": "Dr. Darren Elder Dental",
            "apptDate": "12 Nov 2023 8.00 PM",
            "bookingDate": "12 Nov 2023",
            "amount": "$250",
            "followUp": "14 Nov 2023",
            "status": "Confirm",
            "action1": "Print",
            "action2": "View",
            "img": "assets/img/doctors/doctor-thumb-02.jpg"
        },
        {
            "doctor": "Dr. Deborah Angel Cardiology",
            "apptDate": "11 Nov 2023 11.00 AM",
            "bookingDate": "10 Nov 2023",
            "amount": "$400",
            "followUp": "13 Nov 2023",
            "status": "Cancelled",
            "action1": "Print",
            "action2": "View",
            "img": "assets/img/doctors/doctor-thumb-03.jpg"
        },
        {
            "doctor": "Dr. Sofia Brient Urology",
            "apptDate": "10 Nov 2023 3.00 PM",
            "bookingDate": "10 Nov 2023",
            "amount": "$350",
            "followUp": "12 Nov 2023",
            "status": "Pending",
            "action1": "Print",
            "action2": "View",
            "img": "assets/img/doctors/doctor-thumb-04.jpg"
        },
        {
            "doctor": "Dr. Marvin Campbell Ophthalmology",
            "apptDate": "9 Nov 2023 7.00 PM",
            "bookingDate": "8 Nov 2023",
            "amount": "$75",
            "followUp": "11 Nov 2023",
            "status": "Confirm",
            "action1": "Print",
            "action2": "View",
            "img": "assets/img/doctors/doctor-thumb-05.jpg"
        },
        {
            "doctor": "Dr. Katharine Berthold Orthopaedics",
            "apptDate": "8 Nov 2023 9.00 AM",
            "bookingDate": "6 Nov 2023",
            "amount": "$175",
            "followUp": "10 Nov 2023",
            "status": "Cancelled",
            "action1": "Print",
            "action2": "View",
            "img": "assets/img/doctors/doctor-thumb-06.jpg"
        },
        {
            "doctor": "Dr. Linda Tobin Neurology",
            "apptDate": "8 Nov 2023 6.00 PM",
            "bookingDate": "6 Nov 2023",
            "amount": "$450",
            "followUp": "10 Nov 2023",
            "status": "Confirm",
            "action1": "Print",
            "action2": "View",
            "img": "assets/img/doctors/doctor-thumb-07.jpg"
        },
        {
            "doctor": "Dr. Paul Richard Dermatology",
            "apptDate": "7 Nov 2023 9.00 PM",
            "bookingDate": "7 Nov 2023",
            "amount": "$275",
            "followUp": "9 Nov 2023",
            "status": "Confirm",
            "action1": "Print",
            "action2": "View",
            "img": "assets/img/doctors/doctor-thumb-08.jpg"
        },
        {
            "doctor": "Dr. John Gibbs Dental",
            "apptDate": "6 Nov 2023 8.00 PM",
            "bookingDate": "4 Nov 2023",
            "amount": "$600",
            "followUp": "8 Nov 2023",
            "status": "Confirm",
            "action1": "Print",
            "action2": "View",
            "img": "assets/img/doctors/doctor-thumb-09.jpg"
        },
        {
            "doctor": "Dr. Olga Barlow  Dental",
            "apptDate": "5 Nov 2023 5.00 PM",
            "bookingDate": "1 Nov 2023",
            "amount": "$100",
            "followUp": "7 Nov 2023",
            "status": "Confirm",
            "action1": "Print",
            "action2": "View",
            "img": "assets/img/doctors/doctor-thumb-10.jpg"
        }
    ],
    "totalData": 10
}