{
	"data": [
		{
			"date": "14 Nov 2023",
			"name": "Prescription 1",
			"createdBy": "Dr. Ruby Perrin Dental",
			"action1": "Print",
			"action2": "View",
			"img": "assets/img/doctors/doctor-thumb-01.jpg"
		},
		{
			"date": "13 Nov 2023",
			"name": "Prescription 2",
			"createdBy": "Dr. Darren Elder Dental",
			"action1": "Print",
			"action2": "View",
			"img": "assets/img/doctors/doctor-thumb-02.jpg"
		},
		{
			"date": "12 Nov 2023",
			"name": "Prescription 3",
			"createdBy": "Dr. Deborah Angel Cardiology",
			"action1": "Print",
			"action2": "View",
			"img": "assets/img/doctors/doctor-thumb-03.jpg"
		},
		{
			"date": "11 Nov 2023",
			"name": "Prescription 4",
			"createdBy": "Dr. Sofia Brient Urology",
			"action1": "Print",
			"action2": "View",
			"img": "assets/img/doctors/doctor-thumb-04.jpg"
		},
		{
			"date": "10 Nov 2023",
			"name": "Prescription 5",
			"createdBy": "Dr. Marvin Campbell Dental",
			"action1": "Print",
			"action2": "View",
			"img": "assets/img/doctors/doctor-thumb-05.jpg"
		},
		{
			"date": "9 Nov 2023",
			"name": "Prescription 6",
			"createdBy": "Dr. Katharine Berthold Orthopaedics",
			"action1": "Print",
			"action2": "View",
			"img": "assets/img/doctors/doctor-thumb-06.jpg"
		},
		{
			"date": "8 Nov 2023",
			"name": "Prescription 7",
			"createdBy": "Dr. Linda Tobin Neurology",
			"action1": "Print",
			"action2": "View",
			"img": "assets/img/doctors/doctor-thumb-07.jpg"
		},
		{
			"date": "7 Nov 2023",
			"name": "Prescription 8",
			"createdBy": "Dr. Paul Richard Dermatology",
			"action1": "Print",
			"action2": "View",
			"img": "assets/img/doctors/doctor-thumb-08.jpg"
		},
		{
			"date": "6 Nov 2023",
			"name": "Prescription 9",
			"createdBy": "Dr. John Gibbs Dental",
			"action1": "Print",
			"action2": "View",
			"img": "assets/img/doctors/doctor-thumb-09.jpg"
		},
		{
			"date": "5 Nov 2023",
			"name": "Prescription 10",
			"createdBy": "Dr. Olga Barlow Dental",
			"action1": "Print",
			"action2": "View",
			"img": "assets/img/doctors/doctor-thumb-10.jpg"
		}
	],
	"totalData": 10
}